s,1
111,2
qwe,2
1,2
qwe,2
1,2
qwe,2
1,2
qwe,2
1,2
qwe,2
1,2
qwe,2
1,2
qwe,2
1,2
qwe,2
1,2
qwe,2
1,2
qwe,2
1,2
qwe,2
1,2
qwe,2
1,2
qwe,2
1,2
qwe,2
1,2
qwe,2
1,2
qwe,2
1,2
qwe,2
1,2
qwe,2
1,2
qwe,2
1,2
qwe,2
1,2
qwe,2
1,2
qwe,2
1,2
qwe,2
1,2
qwe,2
1,2
qwe,2
1,2
qwe,2
1,2
qwe,2
1,2
qwe,2
1,2
qwe,2
1,2
qwe,2
1,2
qwe,2
1,2
qwe,2
1,2
qwe,2
1,2
qwe,2
1,2
qwe,2
1,2
qwe,2
1,2
qwe,2
1,2
qwe,2
1,2
qwe,2
1,2
qwe,2
1,2
qwe,2
1,2
qwe,2
1,2
qwe,2
1,2
qwe,2
1,2
qwe,2
1,2
qwe,2
1,2
qwe,2
1,2
qwe,2
1,2
qwe,2
1,2
qwe,2
1,2
qwe,2
1,2
qwe,2
1,2
qwe,2
1,2
qwe,2
1,2
qwe,2
1,2
qwe,2
1,2
qwe,2
1,2
qwe,2
1,2
qwe,2
1,2
qwe,2
1,2
qwe,2
1,2
qwe,2
1,2
qwe,2
1,2
qwe,2
1,2
qwe,2
1,2
qwe,2
1,2
qwe,2
1,2
qwe,2
1,2
qwe,2
1,2
qwe,2
1,2
qwe,2
1,2
qwe,2
1,2
qwe,2
1,2
qwe,2
1,2
qwe,2
1,2
qwe,2
1,2
qwe,2
1,2
qwe,2
1,2
qwe,2
1,2
qwe,2
1,2
qwe,2
1,2
qwe,2
1,2
qwe,2
1,2
qwe,2
1,2
qwe,2
1,2
qwe,2
1,2
qwe,2
1,2
qwe,2
1,2
qwe,2
1,2
qwe,2
1,2
qwe,2
1,2
qwe,2
1,2
qwe,2
1,2
qwe,2
1,2
qwe,2
1,2
qwe,2
1,2
qwe,2
1,2
qwe,2
1,2
qwe,2
1,2
qwe,2
1,2
qwe,2
1,2
qwe,2
1,2
qwe,2
